squareMeters,numberOfRooms,hasYard,hasPool,floors,cityCode,cityPartRange,numPrevOwners,made,isNewBuilt,hasStormProtector,basement,attic,garage,hasStorageRoom,hasGuestRoom,price
75523,3,0,1,63,9373,3,8,2005,0,1,4313,9005,956,0,7,7559081.5
80771,39,1,1,98,39381,8,6,2015,1,0,3653,2436,128,1,2,8085989.5
55712,58,0,1,19,34457,6,8,2021,0,0,2937,8852,135,1,9,5574642.1
32316,47,0,0,6,27939,10,4,2012,0,1,659,7141,359,0,3,3232561.2
70429,19,1,1,90,38045,3,7,1990,1,0,8435,2429,292,1,4,7055052
39223,36,0,1,17,39489,8,6,2012,0,1,2009,4552,757,0,1,3926647.2
58682,10,1,1,99,6450,10,9,1995,1,1,5930,9453,848,0,5,5876376.5
86929,100,1,0,11,98155,3,4,2003,1,0,6326,4748,654,0,10,8696869.3
51522,3,0,0,61,9047,8,3,2012,1,1,632,5792,807,1,5,5154055.2
39686,42,0,0,15,71019,5,8,2021,1,1,5198,5342,591,1,3,3970892.1
23563,21,0,1,90,91058,6,8,1993,1,0,703,852,684,1,10,2366397.3
96470,74,1,0,21,92029,4,2,2011,1,1,5414,1172,716,1,9,9652258.1
19127,31,1,0,5,7475,2,9,2008,0,0,5387,4430,374,0,4,1914688.8
13087,44,1,0,77,40475,8,4,2004,1,0,1745,724,582,0,0,1320803.4
79770,3,0,1,69,54812,10,5,2018,0,1,8871,7117,240,0,7,7986665.8
75985,60,1,0,67,6517,6,9,2009,1,1,4878,281,384,1,5,7607322.9
64169,88,0,1,6,61711,3,9,2011,1,1,3054,129,726,0,9,6420823.1
99371,31,1,1,16,96297,7,8,2013,1,1,3258,6296,354,1,8,9944705.3
25966,37,1,1,17,22818,3,1,2016,0,0,8257,2557,162,0,6,2604486.6
41792,43,1,1,10,80768,9,5,2017,1,1,2950,9573,572,1,5,4187667.7
28795,64,1,1,50,97667,3,4,2009,1,1,9862,2666,330,1,0,2888047.9
92383,12,0,0,78,71982,3,7,2000,0,0,7507,9056,892,1,1,9244344
33279,64,1,0,65,91690,3,2,2019,1,1,2427,717,732,0,1,3333351.9
34782,47,0,0,73,35331,1,4,2020,0,1,9586,6604,822,0,2,3482594
13386,51,0,0,90,87978,4,6,1993,0,0,2885,1149,904,1,4,1342509.3
20883,56,0,0,54,85377,5,9,2018,0,0,9982,8142,670,1,10,2091505.8
95121,46,0,1,3,9382,7,9,1994,0,0,615,1221,328,0,10,9515440.4
6071,72,1,0,14,8410,2,6,2003,1,1,3306,3635,295,0,2,612471.3
11844,43,0,0,55,46144,6,5,1993,1,0,5292,8233,395,0,10,1189939.3
52078,7,1,1,73,20372,10,4,2016,1,1,1864,2049,558,0,5,5217708.6
25897,98,1,0,92,20344,2,4,1993,0,1,9799,9569,116,1,10,2598763.3
85443,40,1,1,54,339,3,1,2021,1,0,3056,8928,292,1,2,8555234.1
11412,78,0,0,79,73807,1,5,2009,1,1,6899,8997,695,0,0,1145642.9
97550,89,1,1,98,78155,2,5,2014,1,0,5391,897,388,0,0,9765099.4
76485,47,1,0,9,90254,2,9,2008,1,0,2860,3129,982,0,1,7653300.8
26169,29,0,0,62,66489,9,7,1993,0,1,7918,187,919,1,9,2622399.3
24239,87,1,0,91,73056,4,7,1998,0,0,6656,7149,698,0,3,2427801.8
36239,8,0,1,24,66771,7,6,1990,0,1,6679,6528,798,1,5,3627708
10500,88,0,1,49,10533,10,1,2013,1,1,4170,5501,422,0,5,1057021.3
87060,27,0,1,91,51803,8,10,2000,0,0,6629,435,512,0,7,8711426
66683,19,1,1,6,50801,6,2,2001,0,0,7473,796,237,1,3,6677649.1
66569,59,1,1,56,15574,7,9,2016,1,1,2020,7188,269,1,10,6667802.6
84559,29,0,1,69,53057,7,7,2000,1,0,3573,9556,918,1,8,8460604
28749,39,0,1,53,80821,6,5,1996,1,0,8113,2352,982,1,3,2877997.6
76091,38,1,0,32,59451,5,8,2016,1,0,8150,6037,930,0,7,7614076.6
92696,49,1,0,38,74381,9,2,2021,0,0,1559,5111,957,1,2,9272740.1
46988,66,1,1,27,4863,9,10,1991,1,1,8339,6331,874,1,4,4707341.1
48062,22,0,1,4,28104,1,10,2008,1,0,7908,552,817,1,1,4809993.8
5767,97,1,1,11,44551,7,3,1998,1,0,2516,5601,307,1,4,586742.8
59800,47,0,1,27,44815,6,9,2021,0,0,5075,3104,864,0,4,5984462.1
54836,25,0,1,53,64601,10,5,2020,1,0,5278,1059,313,1,6,5492532
54318,10,1,1,52,76737,4,2,1998,1,1,9580,3787,227,1,1,5444967.8
70021,52,1,0,28,95678,4,6,1992,0,1,4480,6919,680,1,1,7005572.2
54368,11,1,1,20,55761,3,7,2021,0,0,231,1939,223,0,8,5446398.1
31421,29,0,1,68,67505,5,3,1999,1,1,8949,2080,630,0,5,3147829.9
63053,6,1,1,28,45312,3,1,1997,0,1,8414,6270,939,1,8,6315375.7
4187,89,0,1,17,7488,1,6,1994,1,0,186,2627,559,1,2,421906.4
33108,82,0,1,83,52015,6,10,2016,1,0,6250,8751,552,1,2,3316069.6
64393,8,0,0,51,95335,4,1,1990,1,0,3835,2403,559,0,6,6441378
93876,60,0,1,70,5484,2,1,1999,1,1,4086,5991,494,1,8,9390891.9
67040,60,1,1,22,1690,4,8,1993,1,0,4817,5222,927,0,0,6714247.3
47938,17,0,0,68,64247,7,1,2013,0,1,327,209,352,1,8,4797883.3
39090,57,1,0,74,2922,4,9,2010,0,0,3572,8722,811,1,6,3917691
43609,66,0,0,55,6739,4,9,2005,0,1,3388,2353,120,1,7,4364910.5
41998,74,1,0,17,32039,6,1,1990,1,0,6838,4925,828,0,9,4203344
36496,9,0,1,47,51526,5,1,2017,0,1,2768,6291,230,1,0,3656368.7
84016,15,1,0,55,63595,1,7,2016,1,0,3284,9879,641,0,2,8410054.6
3087,27,1,1,94,9283,3,10,2005,1,1,5866,3557,199,1,1,321717.5
89768,48,1,1,17,71000,6,9,1993,0,1,2485,108,864,0,7,8980518.3
30226,74,1,1,87,71053,10,9,2007,0,0,515,13,223,0,4,3039243.7
58478,5,0,1,35,5898,6,10,2016,0,0,8366,4799,979,1,7,5853710.6
66621,48,0,0,89,52165,10,1,1995,1,1,5024,8103,388,1,4,6666403.5
73314,43,0,1,38,49895,10,1,2018,0,1,3281,5020,968,0,8,7336538.8
59972,28,0,1,18,32083,9,8,2021,1,1,8384,7226,226,1,4,6000826.1
71591,20,1,0,58,46834,7,4,1998,0,0,6486,3310,366,0,0,7165980.8
92462,52,1,1,46,22405,9,6,2019,1,0,9584,8587,677,0,8,9257840.9
52325,60,1,1,24,76804,6,5,1992,1,0,8987,3149,808,1,4,5238533.2
67311,67,0,0,10,45626,3,3,1990,1,1,6928,7808,774,1,5,6732249
45050,99,0,1,87,20318,4,8,2013,1,0,5218,8217,144,0,3,4508695.3
61534,73,1,0,97,22943,9,5,2001,0,0,9265,8974,755,1,6,6159875.1
84091,50,0,1,72,22718,7,5,1993,0,0,2668,4669,766,0,8,8414104.3
77579,69,1,1,97,88798,6,1,1999,1,0,4850,5648,144,1,8,7767797.9
25204,31,1,1,37,87552,4,10,2020,1,0,6560,4287,116,0,6,2530488
42059,46,0,1,62,43289,6,3,2017,1,1,8827,1853,860,1,3,4212125.7
38430,43,0,1,51,3406,6,4,2021,0,1,1214,606,289,0,8,3846214.1
7069,4,0,0,89,55300,9,2,2009,1,1,7499,8969,493,1,3,709107.9
34780,75,0,1,9,67297,4,5,2019,0,1,3033,6475,800,1,4,3480536.9
12757,100,1,0,7,19550,7,8,2020,1,1,6795,9983,738,0,5,1277834
33749,74,0,1,38,73976,10,7,1999,1,1,1729,7952,616,1,2,3380855.9
600,37,1,0,43,72736,4,7,2011,1,0,6738,5603,866,0,1,63402.1
7239,61,1,0,83,26435,4,7,1994,1,0,7782,2518,986,0,4,733776.4
34919,20,1,1,84,60113,5,1,1997,0,0,6566,628,408,0,2,3499532.7
25614,29,0,0,27,52970,4,1,1994,1,0,700,377,519,1,9,2563970.4
51434,64,0,0,23,79754,10,2,2012,1,1,2080,9575,753,0,7,5146226.2
78960,55,0,1,76,23408,8,4,2015,1,1,7126,5012,974,1,0,7900996.5
70751,64,1,1,41,92268,1,9,2006,1,0,1506,590,794,1,7,7084110.6
81870,60,0,1,100,58048,3,8,2020,0,0,3632,5960,723,1,3,8198185
91559,36,0,1,21,82521,6,2,2007,0,1,788,4788,132,1,8,9161130.7
72098,9,0,1,67,91168,2,3,2014,1,0,9080,9356,740,1,9,7216904.4
23177,19,0,0,52,69373,4,1,2003,0,0,2706,4593,648,1,6,2318776.3
39517,92,0,0,85,51212,4,6,2019,0,1,7618,1172,810,1,9,3953491.9
55232,23,0,0,8,849,8,3,1991,0,0,1492,5697,625,0,6,5524015.1
53735,49,0,1,92,2423,4,7,2006,0,0,8654,9588,290,1,8,5384554.6
67753,72,1,1,78,31721,3,9,1995,1,1,7480,2068,929,0,6,6789580.5
1450,59,0,0,1,2317,10,9,2018,1,1,1285,8119,869,1,10,146181.8
82141,93,1,1,61,74213,3,7,2019,1,1,8785,6602,968,1,4,8225970.9
17868,73,1,0,35,48674,4,9,2013,0,0,1718,5498,710,1,2,1792308.3
71397,71,0,0,93,68199,3,10,1995,1,1,3477,5530,342,0,2,7145471.5
32623,35,0,1,14,80204,10,6,2003,1,0,4633,7551,126,0,8,3267852.3
23841,71,1,1,25,32106,3,7,2010,1,1,7590,5224,564,1,1,2390804
16495,94,0,0,6,90448,3,10,1991,1,1,2214,1464,929,1,7,1650711.1
39109,24,1,0,67,74477,4,3,2002,1,0,1642,2925,139,0,9,3917652.2
65151,81,1,1,3,66191,7,9,1991,0,0,3218,9119,849,0,4,6522781.1
61484,91,1,0,94,87015,8,8,2013,1,0,5486,3641,766,0,3,6154833.3
57160,15,1,1,43,40786,8,8,2002,0,0,4018,4871,836,1,2,5724102.2
13346,57,0,0,57,30010,6,8,2021,1,1,2525,545,809,0,8,1336414.1
27351,77,0,0,36,98465,4,1,1997,1,1,1150,3100,812,1,0,2738851.7
18466,50,0,1,60,89670,5,2,2020,0,0,2475,1376,568,0,5,1849227
45441,29,1,0,66,21239,3,5,2004,0,1,8121,2996,853,0,6,4552319.4
55933,15,0,0,97,5800,9,8,2001,1,1,7369,6739,686,1,6,5599976.1
81936,68,0,0,92,6143,3,1,2011,1,0,6393,9082,734,0,0,8198107.1
18237,70,1,0,74,25093,9,6,2011,0,0,7173,9144,498,1,9,1833338.1
35631,54,1,0,7,77355,10,6,2018,1,1,216,1339,775,1,10,3568002.8
99683,12,1,0,77,18300,5,8,2002,0,1,4034,2877,787,1,6,9977000.2
47664,44,0,0,77,98008,6,3,2010,1,1,2662,5433,417,0,6,4770073
62887,45,0,1,7,91125,4,3,1993,1,0,292,744,675,0,4,6293710.3
18470,20,1,1,73,9406,3,1,2000,1,0,4089,9245,905,1,6,1852115
36031,63,1,0,47,74698,9,8,2001,0,1,9701,1325,514,0,4,3612495.1
22776,84,0,0,5,82401,9,9,1993,0,1,2422,1918,544,1,7,2278599.3
14830,81,1,0,1,17641,1,10,1992,1,0,6151,1651,243,0,9,1487488.2
43944,40,1,0,69,5581,10,5,2012,0,1,7466,6556,735,1,6,4403326.2
73062,34,1,1,38,44770,4,8,2016,0,0,9823,7174,728,1,0,7313447.6
84284,76,0,0,39,55723,5,1,1998,0,0,4500,4877,480,0,6,8432554.8
9619,66,1,0,91,82543,9,5,1991,0,1,1069,3823,927,0,10,969806.1
11410,96,0,1,96,85454,8,3,2019,0,1,1466,3642,933,1,1,1150663.9
29855,63,0,0,23,78080,5,5,2000,0,1,3861,7495,204,0,6,2987645
46716,94,0,0,58,25303,8,5,2008,0,1,1361,6855,409,0,3,4674140.8
77046,69,1,0,85,43517,4,2,1992,0,1,8135,1401,648,0,3,7714235.2
58855,1,0,0,66,20127,3,7,2004,0,1,2267,3070,531,0,3,5892518.4
69165,66,1,0,74,51371,4,4,2009,1,1,1543,9736,939,1,9,6926290.9
57915,25,0,1,84,87517,10,4,2007,1,1,3394,4287,640,0,5,5800324.7
66279,47,1,0,9,21934,3,2,2003,0,1,5079,3156,128,0,10,6631365.3
16068,21,1,0,13,21716,8,8,1991,1,1,8893,2564,463,0,2,1611707.1
74325,50,1,1,58,91978,8,10,1994,0,1,4008,1952,275,0,5,7443433.4
35742,46,1,1,47,84138,7,1,2014,1,1,1732,6019,243,0,7,3581003.4
9026,51,1,0,28,85842,1,5,2000,1,0,779,9037,482,0,10,904797
16899,19,0,1,14,47328,2,4,2020,0,1,5710,907,302,1,7,1693690
99854,82,0,0,64,82741,3,8,2009,0,1,4827,2626,918,0,7,9989598.9
33743,56,1,1,29,21945,10,8,2006,0,1,7330,3012,345,0,6,3382812.6
72798,22,1,1,30,61212,9,3,2007,0,0,2209,2120,637,0,7,7290431.7
86492,21,0,0,86,42450,3,7,1992,1,0,7843,5348,463,0,0,8654049.2
38937,35,0,1,77,2867,2,6,2013,1,1,1312,1272,794,0,1,3901433.3
24762,22,0,1,62,50367,10,10,1999,1,1,5264,3986,502,1,1,2480900.9
91047,45,0,0,65,41065,8,2,1999,0,0,7241,1060,757,1,1,9109264.9
55527,64,0,1,44,61931,4,2,2005,0,1,9385,9507,786,1,9,5557814.5
70606,17,1,1,79,38,7,3,2017,1,0,4927,1285,197,0,5,7070662.7
67327,47,0,0,87,26709,9,3,1990,0,1,1097,8551,964,0,10,6741466
6125,90,0,1,29,95979,1,2,2012,1,1,6423,7934,846,0,10,615143.2
71833,37,0,1,51,58147,2,5,2013,0,0,3772,2045,580,1,6,7185318.3
20811,98,1,1,71,91543,1,4,1995,0,1,112,53,586,0,3,2090690.5
7643,98,0,0,63,5989,2,3,1999,1,0,2142,7748,983,1,7,765618.9
16669,95,1,1,81,15949,4,3,2007,0,1,6109,1409,239,1,1,1676719.7
84006,73,1,1,97,54296,4,7,2000,1,0,9698,6310,837,0,4,8409827
34059,49,0,0,90,63489,4,8,1993,0,1,4138,5337,347,0,2,3412619.3
36131,95,0,0,88,72385,8,8,1991,1,0,1046,8463,331,0,8,3620939.1
8201,18,1,1,66,38920,7,2,2007,0,0,4949,5811,185,1,6,826967.7
38398,84,0,0,22,44513,6,8,1994,1,0,1618,9458,404,0,8,3842545.4
38833,10,0,0,14,28075,4,3,2014,1,1,1828,7626,462,1,8,3884619.4
41488,22,0,0,59,2019,9,1,2013,0,1,2090,4438,650,0,3,4151539.3
5205,2,0,0,15,71289,7,3,2005,0,0,8342,4705,742,0,0,521650.5
45066,28,0,0,62,85825,9,5,2013,0,0,7092,6757,924,1,0,4508367.3
63875,53,1,1,14,54408,7,3,1999,1,0,4139,7178,152,0,6,6394774.9
25052,88,0,0,94,1083,8,6,2020,0,1,718,6346,703,0,10,2515214
51457,64,0,1,32,68294,3,10,2016,0,0,3016,1891,633,1,4,5150600.6
84396,64,0,0,96,88421,6,7,2015,1,1,7416,6190,593,1,2,8449333.5
64920,98,0,1,63,1173,8,8,2016,1,0,2287,8181,426,1,6,6501809.6
9166,4,1,0,16,26610,4,1,2015,1,1,6838,9438,842,1,8,922847.5
85558,48,1,0,83,55318,2,9,2017,0,1,7997,655,374,1,0,8568781.7
87267,75,1,0,81,57714,6,10,2019,0,0,6899,1628,666,1,4,8731940.9
96091,100,0,1,24,99874,10,3,1999,0,0,6546,4094,373,0,6,9615021.9
38003,98,1,0,6,49191,8,10,2008,0,0,9981,6500,129,0,2,3803545.8
83120,97,0,1,68,93953,6,6,2015,0,1,15,4581,481,0,1,8318749.5
20468,100,1,0,34,63924,6,4,2003,0,1,9659,6233,802,0,0,2049846.3
75152,91,1,0,37,61836,3,3,2018,1,0,4717,5685,412,0,2,7518709.8
32688,9,1,1,18,86166,6,5,2013,0,1,9089,6967,398,1,7,3274057.3
45868,72,1,1,69,33082,5,7,1994,1,1,7668,9908,216,0,10,4600708.4
73900,69,0,1,36,57473,4,3,2018,0,0,9847,6227,140,1,4,7394635.8
16000,41,1,1,25,86898,9,4,2007,0,1,7228,764,138,0,6,1606948.7
1423,59,0,1,30,21687,8,4,1993,1,1,3900,1985,879,0,8,149234.3
29951,37,1,1,13,56604,6,8,1995,1,1,5692,9582,762,0,0,3002371.5
40231,84,0,1,41,64474,4,5,1999,0,0,5700,303,758,1,0,4030226.9
59517,38,1,0,69,93928,8,8,2003,1,0,6831,2741,727,1,6,5958698.3
98969,26,1,0,69,36941,10,8,2003,0,0,3744,5809,992,1,5,9902968.3
99177,49,0,0,41,5100,6,10,2021,1,1,6326,6738,429,1,3,9919217.1
89157,46,0,0,42,34482,3,6,2009,0,1,3510,781,290,1,4,8920282.9
67429,60,0,1,24,89820,8,7,1991,1,0,3578,3600,858,1,1,6749654.1
38431,57,1,0,60,69199,9,3,2020,1,0,4121,3307,374,0,8,3848467
72495,76,1,1,59,8723,8,10,1994,1,0,3413,2245,254,1,0,7259025.4
85362,77,1,0,19,40604,6,5,1997,0,0,7728,8516,186,1,4,8541211.7
28597,93,0,0,47,16237,3,9,1990,0,0,4492,270,714,0,8,2863386
13687,36,1,1,93,2400,3,5,2001,1,1,4148,6383,590,0,5,1376329.1
50479,3,0,1,73,39939,5,9,2020,0,0,4149,6785,188,0,5,5057657
98121,38,0,1,57,20289,7,4,1995,0,1,6028,8690,275,0,2,9817494.5
57736,16,0,0,21,83855,9,6,1999,0,1,6099,1511,588,0,2,5775940.9
30356,40,0,0,85,13378,7,1,1992,0,0,7660,774,551,0,8,3039209.2
21141,38,0,1,80,65184,10,3,1998,1,1,169,8853,697,1,10,2126023.8
98122,34,0,0,7,80176,7,4,2009,0,1,7125,7272,186,1,5,9813433.9
34746,12,1,0,15,57668,10,5,2000,0,0,2840,3137,377,0,4,3478332
17297,43,1,1,19,99289,7,5,2012,1,1,3216,5586,243,1,2,1738971.2
80324,47,1,1,7,20394,3,2,1993,1,1,325,3203,109,0,9,8039714.3
15815,13,1,1,2,2179,7,1,2019,1,0,637,7880,552,0,4,1585031.9
1066,5,1,1,46,65388,4,9,2017,0,1,2723,9228,524,1,5,114605.7
79275,95,0,1,67,13000,5,9,1995,0,1,3689,7215,132,1,3,7930383.5
20658,7,1,1,48,80216,4,10,1997,0,0,8080,9560,341,1,10,2076936.7
8687,88,0,1,64,2052,3,6,1993,1,1,7414,6075,710,1,3,877525.3
69638,42,1,1,63,89878,1,2,1991,1,0,4703,7032,937,1,6,6977654.1
94036,18,0,0,19,79418,10,9,2001,1,1,5913,178,986,0,10,9406163.1
60889,72,0,0,87,55928,6,8,2018,1,0,7437,4833,131,0,7,6091341.8
11680,21,0,0,14,5324,10,1,1992,1,0,7478,6846,921,1,6,1169431.2
11458,96,1,1,31,95286,9,5,2010,1,0,1365,3757,321,0,6,1154040
20397,67,0,0,79,29406,8,7,1997,0,0,705,4914,898,1,3,2042985.7
83206,34,1,0,51,27565,9,9,1999,1,0,9170,9694,327,0,9,8326302.9
8951,11,1,0,63,32412,1,10,1997,1,0,6189,2892,626,0,1,904889.7
22854,41,1,0,89,74420,4,7,2001,0,1,6216,521,481,1,0,2292467.1
46042,52,0,0,74,45861,9,8,2015,1,0,65,9506,946,0,5,4605791.5
93506,20,1,0,28,7068,8,9,2017,1,0,5297,1410,306,1,8,9356982.7
58748,76,0,0,40,20761,2,5,2010,0,1,1627,996,639,0,2,5875981
715,71,0,0,23,33439,7,3,2010,0,1,8609,3736,740,1,8,74252
55327,22,1,0,59,76622,1,2,1993,1,1,7163,9333,504,1,8,5540589.3
63631,84,1,0,12,31269,6,10,2000,0,0,239,1952,411,1,4,6369055
77915,99,0,0,21,63942,5,10,2018,0,1,1081,9015,448,0,4,7793915.8
91804,5,0,0,81,87339,3,9,1999,0,1,8554,1275,930,1,8,9182083.9
57295,95,0,0,69,32081,2,2,1994,1,1,9771,9634,951,1,7,5731510.4
61057,65,1,0,77,17051,9,8,1998,1,0,9762,545,369,1,6,6114671.8
91626,83,1,0,55,59173,4,5,1991,1,1,2684,784,101,1,8,9169068.1
29356,96,1,1,46,4864,4,9,1990,1,1,1780,393,413,1,3,2948071
27134,62,1,0,2,1498,7,7,2003,0,0,3718,9140,357,1,3,2715604.3
1682,65,1,0,79,7602,2,3,2017,0,1,2590,425,659,1,4,174918.7
98868,41,0,1,67,85917,7,3,2021,1,1,2146,1077,623,1,3,9892300.1
23898,62,1,0,93,73176,9,9,1996,0,1,8256,4656,136,0,1,2399286.6
83110,43,1,0,75,55046,7,10,2001,1,0,4108,5663,380,1,7,8321631.1
71154,67,0,1,53,8762,2,6,2021,1,1,8418,7187,706,0,8,7122699.1
90841,48,1,0,15,25300,6,5,2003,0,0,3333,149,842,0,9,9086177.3
68416,87,1,0,48,60979,8,7,2010,0,0,1811,6776,424,0,6,6846709
47585,95,0,0,5,81532,5,1,1993,1,1,5101,89,639,0,0,4759724.3
28452,79,1,0,40,79918,4,10,2006,1,1,388,1889,566,1,2,2850377.6
15630,78,1,0,4,98750,7,3,1996,1,0,7084,4158,225,1,0,1565985.6
65900,36,1,1,99,27819,1,5,2017,0,1,2637,1038,452,0,1,6605894.7
21600,94,1,0,56,85215,10,8,2000,0,1,3129,6029,236,1,3,2166421
74704,31,0,0,22,93675,1,9,1992,1,0,7463,8866,347,0,9,7472587.2
87291,78,1,1,42,5950,3,3,2017,0,1,6214,3127,596,1,2,8739254.7
96687,65,0,1,81,70871,4,4,2012,0,1,2438,8183,695,1,6,9673884.2
60567,65,1,1,100,39919,7,6,2019,1,0,7010,7994,993,1,0,6071330.9
4872,41,0,0,74,79028,9,6,1990,1,0,5851,1579,473,0,6,489455
9157,48,1,0,53,6500,4,10,2009,0,0,6401,6536,488,0,8,922102.9
65217,26,1,1,39,96357,6,8,2019,0,1,1374,3300,804,0,10,6531999.9
87346,56,1,1,82,34773,9,9,1990,0,1,5792,549,947,1,4,8743241
47701,26,1,0,46,73572,3,5,2001,1,0,5447,3025,610,0,3,4773352.1
14766,50,0,1,79,36865,8,1,2001,0,0,8031,383,643,0,4,1488265.1
94841,19,1,1,75,11526,3,5,1998,1,1,3157,986,585,1,6,9498026.8
59318,92,0,0,91,68354,9,8,2002,0,0,9413,9619,425,1,5,5939275.2
1796,28,0,0,4,66676,1,1,1997,0,1,8360,2070,142,0,4,180265.7
96526,36,1,1,34,61875,5,2,2020,0,1,2131,710,680,1,0,9661068
62876,36,0,0,9,90089,4,8,2006,0,0,338,8342,740,1,4,6288117.6
59558,43,1,1,89,79779,4,3,2012,0,0,9174,4094,712,1,5,5967916.2
97008,89,0,1,4,11466,9,5,2014,1,1,8321,5231,369,1,0,9703551.4
66746,6,1,0,10,22139,7,3,1997,0,0,1567,9732,378,1,3,6678869.7
25776,36,0,0,93,4777,5,9,2002,0,0,688,5948,954,1,10,2582235.2
96195,97,0,1,64,91809,7,4,2018,1,1,3874,9414,892,0,3,9626665.8
4805,47,1,1,99,48026,5,5,1995,0,1,2788,4069,839,1,0,486824.5
23045,21,1,0,75,72570,5,5,1990,0,1,651,4309,607,0,0,2312202
95441,70,0,1,65,3574,6,10,2017,1,1,2841,3067,404,1,3,9554998.7
28381,34,1,0,64,44973,6,2,2009,1,0,6737,1660,502,1,2,2847241.9
15731,34,1,1,37,93825,5,2,2003,0,1,7361,4828,277,0,5,1582940.3
18966,58,1,0,25,4414,10,4,2019,1,1,2327,7431,823,0,0,1902151.9
24393,46,1,1,16,18507,4,8,2019,0,0,4080,4764,619,1,2,2449464.9
53339,67,0,0,11,6144,4,1,2013,1,0,368,8180,312,0,3,5335546.3
44053,17,1,0,55,70068,9,3,2004,1,0,6586,382,258,0,3,4413295.4
70898,98,0,0,92,51635,6,1,1994,0,0,4848,784,942,1,3,7091863.4
84483,41,1,0,85,28464,10,3,2019,1,0,6052,369,651,1,6,8452134.9
35716,24,1,0,52,77207,4,2,2013,1,1,8821,9581,991,0,10,3574932.3
64693,64,0,0,81,90290,10,9,2013,0,0,7506,6802,687,0,7,6471378.3
32593,40,1,0,94,89328,2,9,2006,0,0,2261,9719,871,1,2,3265750.6
1607,63,1,1,52,32832,10,8,2020,1,0,2844,5531,878,0,7,173112
39484,74,0,1,30,6688,6,4,1991,1,0,3172,2821,172,1,9,3954971.1
32458,28,1,1,20,47125,1,3,2015,0,0,8462,890,523,1,7,3253846.5
72243,64,0,1,23,34837,2,1,2004,1,1,4431,8585,752,1,3,7229477.4
20624,44,1,0,83,50284,10,2,1996,0,0,318,6191,606,0,4,2070369.6
7443,38,1,0,41,4785,8,8,2005,0,0,3249,4423,503,0,1,748338.5
78382,41,0,0,14,58781,7,1,2020,1,1,8751,7515,985,1,6,7840062
70614,15,1,1,100,61317,10,5,2010,1,1,4845,8727,991,0,2,7075926
32235,59,1,0,10,76786,2,6,2016,1,0,7388,828,488,0,10,3225143.6
2523,12,1,1,67,75753,3,10,2015,1,1,150,473,949,1,1,260710.5
87864,55,0,0,77,48421,8,4,2019,1,1,7834,7083,745,0,9,8790481.9
18316,97,0,0,3,68804,10,5,1991,1,0,5804,2070,846,1,9,1832673.1
94471,30,1,1,79,55210,6,1,2011,0,1,1327,6342,285,0,3,9454072.1
60704,96,1,1,29,18856,1,10,2004,0,0,4505,9766,847,1,2,6080655.4
54020,4,1,0,64,58230,1,3,2013,0,0,8767,4062,882,1,4,5406334.3
59612,37,1,0,56,69063,10,7,2017,1,1,5616,5474,914,1,2,5967739.7
56467,63,0,0,41,28576,3,2,1990,1,0,2743,5018,815,0,0,5649094
65625,55,0,1,36,89469,2,10,2015,0,1,774,1091,958,1,10,6567597.5
41570,76,0,1,98,21758,10,4,2014,1,1,3573,3494,486,1,10,4167932.4
44862,99,0,1,68,58122,7,5,1992,0,0,9383,3076,631,0,3,4493882.2
47212,37,1,1,81,4826,7,4,2001,0,0,7210,5160,159,0,9,4734236.1
2840,17,1,0,26,94918,4,4,2004,1,0,6848,5362,294,1,10,288797.4
40465,85,0,0,100,6023,4,9,2004,0,0,6327,1053,403,1,0,4052600.4
17191,80,1,1,29,49538,2,5,1995,1,0,3192,2786,716,1,9,1728829.5
56480,85,1,0,80,21192,8,3,2016,0,0,8211,9476,532,0,1,5653048.6
70503,78,0,0,29,72210,2,6,2021,1,0,6819,4897,948,0,4,7051701.1
4885,100,0,0,54,79559,7,8,1993,0,0,9519,8043,718,0,6,493693.3
58263,65,1,1,57,39046,9,10,2006,0,1,7942,6968,786,1,3,5840294.6
47647,52,0,1,6,24285,10,2,2002,1,1,3220,9457,171,1,10,4768169.2
57916,51,0,0,24,8801,8,1,1998,0,1,3831,5615,356,1,1,5792783.8
6396,71,0,0,40,28917,6,6,2005,1,0,413,3302,682,0,9,643620.5
41972,18,0,1,49,40098,7,7,1995,1,0,842,820,846,0,0,4206464.5
94311,11,1,0,47,89062,8,1,2007,0,1,3619,128,868,0,7,9439790.7
10714,41,0,1,98,23803,5,6,1996,0,1,2598,1190,631,1,6,1075982.6
11259,26,0,1,82,34780,10,4,2010,1,0,902,3876,125,1,7,1134964
3534,16,1,1,13,39998,4,1,2003,0,1,5811,6473,900,0,0,359850.3
52680,10,0,1,79,10177,6,4,1991,0,1,5687,2005,242,0,0,5274696.1
62711,60,0,0,29,42211,8,10,2007,0,1,4484,5437,329,0,6,6272944.7
19268,12,1,0,77,38471,3,5,2010,1,0,1133,5202,357,1,3,1938014
36119,39,1,0,46,16503,7,4,2019,0,1,3958,3737,889,1,3,3620813.9
28394,53,0,0,7,81916,8,8,2003,0,1,63,8840,328,0,2,2840816.3
20392,33,1,0,84,53104,10,5,2007,0,1,1256,7011,171,1,2,2046763.7
7259,25,1,1,39,860,1,4,2014,0,0,6482,2430,537,0,5,735079.4
28183,81,0,0,52,44087,5,2,1993,1,1,2798,5783,525,1,10,2821593.3
92188,14,0,1,95,5286,10,2,1996,1,1,61,7526,693,0,0,9227140.6
29815,28,0,0,77,46462,9,7,1995,0,1,3530,2821,663,0,0,2989048.5
50219,96,1,0,54,23667,9,6,2003,0,1,8051,8796,965,1,0,5025975.3
1722,56,0,1,84,27948,8,8,2002,1,0,6240,8680,497,1,2,182838.2
70399,14,0,1,85,82950,6,5,2013,0,1,8009,9856,255,0,4,7048784.3
28790,52,1,0,15,13856,7,6,2021,1,1,1238,5370,218,0,4,2883447.1
92962,7,1,1,37,32437,5,1,2000,1,0,6581,1046,315,0,3,9304587
34245,2,1,0,85,50891,4,4,2010,1,1,251,3567,918,1,5,3430728
54677,64,1,1,94,77132,2,10,1996,1,0,1236,3643,537,1,2,5477618.6
74227,84,1,0,5,98736,7,7,2000,1,0,4609,7857,378,0,5,7427853
94939,46,1,1,48,55155,9,10,2009,1,0,9164,9600,351,1,7,9503765.9
48884,58,1,0,32,15276,1,7,2010,1,0,311,1098,729,0,9,4895277
10638,39,0,0,33,64229,5,4,2016,0,1,3142,3829,138,1,10,1066200.6
90315,61,1,1,91,21653,7,7,1994,1,1,5604,3492,490,1,7,9044477.4
17633,28,0,0,83,83228,6,2,2013,1,0,1644,8999,162,1,2,1767487.3
63242,45,0,1,18,63066,4,10,2017,0,1,6932,5206,340,1,1,6327623.7
79344,46,1,1,42,19012,2,3,1991,1,0,8088,4938,744,1,7,7945562.1
72093,48,0,1,92,83520,8,1,2005,1,0,4805,7,148,0,9,7223902.5
13378,59,1,0,9,2735,1,1,2001,1,1,8171,5848,488,0,7,1342476.1
47019,35,0,1,9,60947,8,4,2020,0,0,2005,1643,694,1,6,4706162
34666,75,1,1,14,28826,5,2,2002,1,1,9405,9154,186,1,6,3477313.2
93509,28,1,1,62,48468,6,2,1992,1,1,72,9223,731,1,6,9361261.2
13583,42,1,0,32,42009,7,2,2015,1,1,4519,3442,911,0,10,1364589.5
19649,11,0,1,83,87255,4,4,1999,1,0,595,6282,795,1,2,1970018.9
141,16,0,1,58,42248,5,4,1997,1,0,3411,8985,213,0,4,22670.7
22821,64,1,1,14,66304,9,8,1993,1,1,2060,103,491,1,2,2289134.3
533,76,1,1,55,94923,6,8,2021,1,1,654,3585,301,0,9,65465.1
67020,71,1,1,38,64361,4,7,2015,0,0,3647,997,640,0,1,6711051.5
49094,30,1,0,49,90656,9,2,2021,0,1,4934,3570,625,1,8,4916616.1
25269,88,0,0,92,86720,6,7,2019,1,1,3464,5175,693,1,1,2530193.9
71989,41,0,0,77,50519,2,3,2003,0,0,7290,4027,337,1,4,7204744.3
73180,1,1,1,54,38386,9,7,2011,0,0,3340,452,784,1,10,7325717.1
18926,58,1,1,84,32618,6,4,1998,1,0,5353,4021,442,1,8,1908217.8
6492,76,0,0,88,81044,10,3,2018,1,0,2655,6299,372,0,9,652565.8
98045,4,1,1,8,78526,4,5,2002,0,0,9321,2416,570,1,0,9814193.2
51589,83,0,1,43,55528,6,10,1998,1,0,7867,7522,819,1,5,5167451.8
24390,75,1,0,44,70527,10,9,1992,0,0,7295,6840,235,0,1,2446317.2
75890,10,0,1,59,33129,9,5,2001,0,1,270,3676,744,0,8,7597786.1
29220,9,0,1,59,33789,7,6,1994,1,0,391,8842,706,0,0,2929116.4
72433,57,1,1,18,69864,7,7,2001,0,0,6995,8567,276,1,0,7250644.1
57467,98,0,0,64,24393,7,3,1993,0,0,661,9428,600,1,2,5749361.3
81482,76,1,0,9,56103,1,7,1997,0,0,2265,3606,281,0,6,8153070.7
61346,69,0,1,52,63238,7,10,2009,0,1,7427,5864,207,1,10,6141452.9
80915,23,1,1,67,46095,9,6,1992,1,1,5351,1864,569,0,0,8104297.2
65479,74,0,1,35,99953,10,5,2000,0,1,9347,1817,460,0,10,6552454
48302,22,1,0,13,82376,2,9,2017,0,0,9855,6297,543,1,1,4833604.7
76690,21,1,1,99,91395,1,1,1990,1,1,611,2112,181,1,8,7682267
14447,39,0,1,23,93847,6,8,2002,0,0,5371,9535,965,0,6,1448447.2
24213,31,1,1,93,51767,1,7,1994,1,0,1561,1228,653,0,5,2431969.4
1843,30,1,1,3,3,4,7,2007,1,1,1313,9063,706,0,5,189919.7
78183,65,1,1,86,3648,7,9,2007,0,1,8682,588,748,1,4,7829898.7
99323,35,0,1,28,69665,6,7,2018,0,0,6346,6556,280,1,3,9939399.8
67491,21,0,0,57,5308,6,7,2007,1,0,1253,1592,254,1,0,6750826.7
2588,82,1,0,69,25395,1,5,2016,0,0,7247,9670,987,0,8,267798.6
76635,6,1,1,1,73981,2,5,1999,0,0,981,5857,949,1,1,7669791.9
45070,100,0,0,92,21335,9,9,1997,1,0,1333,989,885,1,0,4510977.7
62381,58,1,0,44,22862,1,4,2003,1,0,1809,2821,734,1,6,6243323.3
98543,2,1,0,44,88249,1,3,1992,0,1,2955,6151,661,0,7,9860222.2
13972,39,0,0,8,91674,2,2,2009,0,0,1477,3153,952,1,2,1397748.9
71567,70,0,1,94,64245,10,8,1992,0,0,5968,1718,985,0,4,7166917.2
36804,99,0,0,12,76338,2,8,1996,0,0,6951,6584,594,1,6,3681839.6
21297,71,1,1,14,75154,2,3,1995,1,1,8198,4951,111,0,4,2136801.5
9950,1,1,0,69,79019,5,10,2012,0,1,3156,6914,174,0,4,1000736.2
3661,50,1,1,24,1138,3,8,2007,1,0,6186,862,613,0,7,372556.7
88102,51,1,0,70,42082,8,3,2016,1,0,7245,6073,496,1,9,8821018.6
72596,91,0,0,90,32957,7,6,2015,1,0,9595,1266,156,1,0,7262781.5
70763,4,1,0,38,18220,10,4,2015,1,0,7098,5958,484,0,9,7082373.5
12002,58,0,0,41,2764,8,8,1995,1,0,1718,3877,867,1,1,1203664.5
26146,34,0,1,98,431,7,9,2011,1,1,2060,7566,680,1,7,2627462.1
13716,62,0,1,98,61202,6,8,1990,0,1,5967,1070,911,0,10,1382883
23281,32,1,1,52,87667,9,10,2020,1,1,3681,3220,422,1,3,2339782
3824,45,1,1,9,11597,5,6,2019,0,1,3191,6677,305,0,0,386574.9
56086,3,1,0,46,52007,6,2,2021,0,1,2853,1194,863,0,1,5615576.1
19014,67,1,0,89,82387,8,2,1999,0,0,3330,8941,550,0,6,1912984.9
80808,59,1,0,1,18733,7,5,2004,0,0,3879,8229,434,0,5,8085990.4
83602,5,0,1,2,48528,9,7,1991,1,0,8993,8003,496,1,5,8365162.1
99767,27,0,1,79,46530,2,8,2018,1,0,520,7948,495,1,2,9985836.8
60675,32,1,0,51,97066,9,7,2002,1,0,5953,6958,260,0,6,6075733.2
20210,2,1,0,78,77066,1,8,2007,1,0,2811,9309,218,0,4,2029228.7
28694,82,0,0,20,44298,2,3,1991,1,1,3206,2352,310,1,3,2870499.1
45521,53,0,0,32,26627,9,9,1991,1,1,8643,2999,670,0,7,4554205.1
55727,46,0,0,77,94339,5,5,2016,0,0,5811,42,183,0,2,5574845.6
17307,20,1,0,66,81794,5,8,2006,1,1,2317,5409,692,0,2,1740869.6
86474,98,0,0,33,50147,1,6,2004,0,0,1928,4232,220,0,7,8649993.4
6012,53,1,0,38,96011,8,7,2013,1,0,392,2928,423,0,4,607323.3
6617,51,0,0,38,26766,10,4,2010,1,1,7115,5340,248,0,10,663333
34061,43,0,0,90,26346,3,1,1993,0,0,1616,6765,534,1,9,3407529.3
12881,12,1,0,68,85503,10,5,2006,0,1,8654,5066,920,1,0,1293712.6
48458,82,1,0,72,98206,3,6,2002,1,1,5447,7360,308,0,6,4851198.2
89618,49,1,0,36,30029,1,6,2006,0,1,4321,9355,752,1,0,8969519.6
10369,30,1,0,68,51049,8,10,1999,0,0,9629,7874,383,0,10,1044857.9
21865,24,0,1,79,50297,10,5,1993,0,0,2324,4385,932,1,3,2191960.3
30817,48,0,0,63,26230,9,3,2013,0,0,2444,9730,961,1,3,3086005.3
8808,85,1,0,37,93756,5,10,1998,1,1,9287,4979,416,0,5,888730.8
16006,69,1,1,26,6423,7,10,1990,1,0,3565,742,405,1,3,1610901
70517,37,0,0,1,67679,5,6,2002,0,1,9373,6035,184,1,5,7052408.2
55592,68,0,1,10,80811,7,6,2021,0,0,7719,4694,372,1,0,5564877.1
10978,17,0,1,55,25000,2,9,2015,0,1,9798,2127,481,1,6,1103882.5
94388,7,1,0,81,41690,8,8,1996,1,0,7739,1176,741,0,8,9446167.6
18041,90,1,0,99,90750,6,8,2006,1,0,1064,653,221,1,3,1817658.6
18220,91,0,1,97,50508,8,4,2013,1,0,2604,5842,838,1,2,1833031.3
39342,7,1,1,84,88712,5,7,1994,0,1,1003,2398,385,1,2,3946165.4
66570,59,0,0,2,85412,7,10,2008,1,1,2628,7837,754,1,6,6657976.8
34592,100,0,1,33,63748,1,7,1994,1,0,7356,2228,264,1,5,3465076.4
38700,25,1,1,26,101,4,7,1996,0,1,5100,5564,956,1,8,3880396.6
32060,25,0,1,97,43201,8,9,2017,0,1,9618,9072,814,0,8,3211741.7
8305,86,0,0,83,36778,9,9,2001,0,1,1648,3165,766,0,4,838488.1
40080,50,0,0,82,11062,8,8,2018,0,0,5973,2871,484,0,0,4011225.8
89335,66,1,1,54,25219,7,2,2004,0,1,9808,4039,425,0,8,8938823.4
78546,92,0,1,84,52906,10,6,1991,0,1,978,3244,530,1,4,7864949.1
50066,63,0,1,67,81340,8,5,1998,0,1,8716,6542,465,0,1,5015729.8
37008,61,1,1,75,13250,6,3,2013,1,0,309,5249,463,0,7,3708694.3
32876,98,1,1,32,48832,7,9,2008,1,1,3289,8595,121,0,8,3299047.8
98266,14,1,1,42,27552,8,10,1990,1,1,6293,8164,1000,0,9,9838529
53665,66,1,1,81,16527,10,3,2002,1,0,1788,6553,204,1,8,5379979.2
33469,98,1,1,91,29874,7,7,2016,0,0,6871,4561,293,0,8,3362757.6
42578,49,1,1,23,3339,7,8,2013,1,0,6690,3789,964,1,6,4264812.3
64329,25,1,0,44,54901,4,5,2019,0,1,7313,2455,634,1,5,6436473.9
29512,96,0,1,26,49748,2,8,2012,1,1,6556,9398,170,0,9,2955396.2
241,78,0,1,50,86182,7,6,2013,0,1,4070,7336,962,0,7,29643.3
32709,47,1,1,80,86465,1,3,2006,0,1,2548,2351,162,0,5,3284181.6
29271,70,0,1,98,33402,10,3,2021,1,1,3470,5717,429,0,6,2938810.1
15542,19,0,0,27,48610,8,7,1996,0,0,563,6368,615,0,5,1556824.6
94951,52,0,1,80,45083,8,4,2014,1,1,4121,3981,261,1,3,9498811.4
12296,54,1,0,45,44308,9,10,2008,1,1,1449,8183,127,1,0,1233872.8
42390,17,0,0,96,16776,5,1,2001,0,0,7796,7032,462,1,0,4245306.1
2157,22,0,0,93,68218,5,4,2021,0,0,5209,2362,799,0,9,222104.1
70576,66,1,0,7,75420,4,7,2013,0,0,6411,6596,684,1,9,7061024.3
22232,24,0,1,52,20211,5,9,2005,1,1,135,1819,882,1,8,2230267.5
31368,78,1,0,86,96715,4,5,2007,1,1,6510,4644,682,1,0,3142605.7
2713,76,0,0,19,66674,8,5,2000,1,1,3827,3127,880,1,1,273858
40939,60,1,0,6,67333,4,7,2017,0,1,9386,4038,956,0,8,4097363.7
84892,59,0,0,46,1488,6,10,2007,0,1,271,6059,556,1,3,8492982.7
43332,60,0,1,24,16226,5,5,2002,0,1,9557,9617,321,0,4,4336691.2
39445,100,0,0,66,31733,10,5,1990,1,1,1391,4942,992,0,10,3947777
82032,78,1,0,64,11922,9,10,2004,0,0,6972,9105,883,1,8,8209534.4
813,45,0,1,15,52891,7,2,1998,1,0,4226,1272,633,0,7,84647.8
43432,44,0,1,34,780,1,4,2010,1,0,2077,3329,377,0,6,4347238
80988,34,0,1,57,56385,6,10,2015,0,1,8135,7450,321,1,10,8104253.5
99444,68,1,0,60,93693,2,4,2021,1,0,5643,4783,834,0,5,9947284.1
37618,57,0,0,45,59333,2,3,2008,0,1,3892,7379,638,1,9,3766350.8
63973,18,1,0,78,40739,1,10,2002,0,1,6770,339,937,1,10,6405935.2
99107,54,0,1,65,88495,3,4,2018,0,1,5522,7622,194,1,3,9916550.8
71519,12,0,1,80,24484,1,8,2012,0,0,9982,6232,800,1,2,7156303.2
91841,77,0,0,14,19103,5,2,2011,0,1,8782,3254,955,0,0,9185367.1
28467,98,1,1,70,90596,7,6,2019,0,0,4314,9569,658,1,10,2855561.9
77075,52,1,0,11,13884,10,10,2002,1,1,1768,9928,430,0,4,7713855.2
91776,26,0,0,72,92099,10,1,2001,1,1,1303,4952,712,1,4,9184100.1
69948,45,1,1,59,38826,10,3,2017,0,0,5632,6000,301,0,3,7006951.7
68593,3,1,1,65,78866,3,3,2021,0,1,5603,9225,540,1,7,6867934.1
56774,50,1,0,23,45524,7,4,1995,1,0,5989,186,469,0,3,5682955.5
84577,63,0,1,64,43522,6,7,1991,1,0,9411,4095,400,0,0,8467175.1
78835,77,0,0,84,40276,3,6,2002,1,1,1071,6437,771,0,1,7887862.2
59073,82,0,1,38,50312,1,5,2003,1,0,8036,9658,303,1,2,5909662.3
6704,83,1,1,59,94479,8,10,2012,1,1,7171,3023,822,1,1,682123.2
20968,48,1,0,6,39273,3,6,1992,1,0,3747,1117,656,1,6,2100783.2
64244,20,1,0,82,89404,6,9,2021,1,1,5461,798,426,0,6,6435074.1
54133,1,0,1,89,49508,2,3,1993,1,0,2192,4801,195,0,2,5426671.3
90842,60,1,1,25,25975,3,6,1995,0,0,3501,8720,152,0,5,9092168.5
51780,83,0,0,88,3391,3,8,2021,0,0,540,4699,879,0,4,5184160.1
38722,91,1,0,22,20239,5,5,2008,1,0,4316,6127,738,0,2,3876450.8
51127,85,1,0,66,53060,2,2,1996,0,0,391,4578,127,0,5,5119947.6
31802,100,0,0,80,6094,7,3,1990,0,1,3049,6665,476,1,10,3184469
26770,8,1,1,69,79970,10,8,2016,1,0,6924,6367,940,1,2,2687139.6
63839,58,1,1,2,92707,4,6,2019,0,1,6200,882,302,0,6,6389327.9
56181,76,0,1,98,27961,4,4,1996,0,0,4581,8060,953,0,7,5630006.6
91757,82,0,0,78,92525,8,4,2012,1,1,5258,1106,628,0,6,9182239.2
54200,51,0,0,43,34559,2,5,2010,1,1,9853,858,869,0,3,5423195
29788,61,0,0,68,65901,2,3,2011,1,1,6551,5740,782,0,1,2983377.1
29180,7,1,0,1,71840,5,8,1999,0,0,3218,2990,753,1,10,2923248.9
30630,62,0,1,65,24522,1,5,1996,0,0,2190,295,965,1,4,3072463.6
81114,23,0,1,89,34182,6,2,2007,1,0,1629,8207,813,0,9,8118084.7
96016,48,0,1,35,76744,6,4,1998,0,1,269,1613,300,1,1,9605401.8
